time,x,y,z
9.762864,1.0986328125,0.18310546875,1.0986328125
9.861487,1.0986328125,0.18310546875,0.91552734375
9.931023,0.8544921875,0.18310546875,0.9765625
9.970181,0.9765625,0.244140625,0.9765625
10.044749,1.03759765625,0.244140625,0.9765625
10.114777,1.03759765625,0.18310546875,0.9765625
10.184635,1.0986328125,0.1220703125,0.91552734375
10.256609,1.0986328125,0.06103515625,1.03759765625
10.322492,1.03759765625,0.244140625,0.9765625
10.390412,1.03759765625,0.1220703125,0.79345703125
10.457785,0.9765625,0.244140625,0.9765625
10.527758,1.0986328125,0.1220703125,0.8544921875
10.601892,1.15966796875,-0.06103515625,0.9765625
10.681089,0.9765625,0.06103515625,0.91552734375
10.748408,1.15966796875,0.18310546875,0.8544921875
10.81477,1.0986328125,0.0,0.91552734375
10.883998,1.0986328125,-0.18310546875,0.91552734375
10.95451,1.03759765625,0.06103515625,0.8544921875
11.024411,1.15966796875,0.0,0.91552734375
11.096163,1.03759765625,0.244140625,0.91552734375
11.169737,0.91552734375,0.18310546875,0.9765625
11.245603,1.220703125,0.18310546875,0.91552734375
11.323855,1.03759765625,0.1220703125,0.8544921875
11.400219,1.03759765625,0.18310546875,0.8544921875
11.480461,1.03759765625,0.06103515625,0.91552734375
11.557814,1.03759765625,0.244140625,0.9765625
11.634469,1.03759765625,0.0,0.8544921875
11.707462,0.9765625,0.1220703125,0.91552734375
11.781838,0.9765625,0.06103515625,1.03759765625
11.856701,1.03759765625,0.06103515625,1.03759765625
11.930952,0.91552734375,0.244140625,0.8544921875
12.005554,0.9765625,0.30517578125,0.91552734375
12.084153,0.91552734375,0.244140625,0.91552734375
12.152115,0.9765625,0.244140625,0.8544921875
12.220827,0.91552734375,0.18310546875,0.91552734375
12.288488,0.9765625,0.244140625,0.9765625
12.356164,0.9765625,0.244140625,1.03759765625
12.426077,1.15966796875,0.1220703125,1.03759765625
12.495517,1.0986328125,0.1220703125,0.8544921875
12.5632,1.0986328125,0.1220703125,0.91552734375
12.633264,1.03759765625,0.18310546875,1.15966796875
12.705195,0.9765625,0.3662109375,0.91552734375
12.778533,1.03759765625,0.244140625,0.9765625
12.850791,0.9765625,0.1220703125,1.0986328125
12.923786,1.03759765625,0.244140625,0.79345703125
12.998613,0.8544921875,0.18310546875,0.79345703125
13.07283,1.03759765625,0.18310546875,0.8544921875
13.14906,0.91552734375,0.18310546875,0.9765625
13.227252,1.03759765625,0.1220703125,0.9765625
13.301578,1.0986328125,0.06103515625,0.9765625
13.384753,1.0986328125,0.1220703125,0.8544921875
13.459391,1.0986328125,0.18310546875,0.9765625
13.53314,1.03759765625,0.244140625,0.9765625
13.608995,1.03759765625,0.1220703125,0.79345703125
13.684489,1.0986328125,0.244140625,1.03759765625
13.759369,1.15966796875,0.1220703125,1.03759765625
13.834196,0.8544921875,0.18310546875,0.91552734375
13.909957,0.732421875,0.18310546875,0.91552734375
13.98837,1.220703125,0.06103515625,0.79345703125
14.063995,1.28173828125,0.1220703125,0.9765625
14.141483,1.0986328125,0.06103515625,1.0986328125
14.218919,0.91552734375,0.18310546875,0.91552734375
14.296997,0.91552734375,0.06103515625,1.03759765625
14.364627,0.67138671875,0.3662109375,0.91552734375
14.433496,0.79345703125,0.30517578125,0.9765625
14.500736,0.9765625,0.30517578125,0.91552734375
14.571412,1.03759765625,0.1220703125,0.9765625
14.64366,1.03759765625,0.18310546875,0.9765625
14.715009,0.9765625,0.18310546875,0.91552734375
14.785692,0.91552734375,0.1220703125,0.9765625
14.85757,1.0986328125,0.18310546875,0.91552734375
14.927902,1.220703125,0.06103515625,0.9765625
14.998563,0.9765625,0.244140625,1.03759765625
15.069776,0.9765625,0.18310546875,0.9765625
15.14595,1.03759765625,0.1220703125,1.03759765625
15.220632,1.0986328125,0.1220703125,0.8544921875
15.294937,1.15966796875,0.18310546875,0.9765625
15.366549,0.9765625,0.18310546875,1.03759765625
15.438004,0.9765625,0.06103515625,0.8544921875
15.510139,1.03759765625,0.18310546875,0.9765625
15.580772,1.03759765625,0.1220703125,0.8544921875
15.653926,1.15966796875,0.1220703125,0.91552734375
15.725087,0.9765625,0.244140625,1.0986328125
15.795759,1.03759765625,0.244140625,1.0986328125
15.867246,1.03759765625,0.1220703125,0.9765625
15.940864,1.03759765625,0.18310546875,0.9765625
16.011111,0.9765625,0.18310546875,0.732421875
16.084559,0.9765625,0.18310546875,0.9765625
16.158914,0.9765625,0.06103515625,0.91552734375
16.232505,1.03759765625,0.1220703125,0.8544921875
16.306866,1.03759765625,0.18310546875,0.91552734375
16.380106,1.220703125,0.0,0.8544921875
16.453188,1.03759765625,0.18310546875,0.91552734375
16.527629,1.0986328125,0.1220703125,0.9765625
16.60393,1.220703125,0.18310546875,0.9765625
16.680725,1.0986328125,0.18310546875,0.9765625
16.756881,0.9765625,0.18310546875,0.9765625
16.833649,1.0986328125,0.0,0.91552734375
16.912976,0.91552734375,0.06103515625,0.8544921875
16.994854,1.03759765625,0.0,0.9765625
17.076521,1.03759765625,0.18310546875,1.03759765625
17.161959,0.91552734375,0.1220703125,0.9765625
17.239716,0.8544921875,0.18310546875,0.8544921875
17.319317,0.9765625,0.06103515625,0.9765625
17.393016,1.03759765625,0.06103515625,1.03759765625
17.467057,1.03759765625,0.244140625,0.91552734375
17.540148,1.0986328125,0.0,1.03759765625
17.614324,1.0986328125,0.3662109375,0.9765625
17.687731,1.03759765625,0.06103515625,0.9765625
17.761395,0.9765625,0.18310546875,0.9765625
17.836086,1.03759765625,0.0,0.9765625
17.90963,1.03759765625,0.06103515625,0.91552734375
17.982709,1.220703125,0.18310546875,0.91552734375
18.056142,1.03759765625,0.18310546875,0.8544921875
18.13138,1.0986328125,0.18310546875,1.03759765625
18.206214,1.0986328125,0.1220703125,0.91552734375
18.280981,0.91552734375,0.18310546875,0.8544921875
18.357425,1.03759765625,0.18310546875,1.03759765625
18.43264,0.9765625,0.18310546875,0.91552734375
18.508245,1.0986328125,0.1220703125,0.91552734375
18.586483,1.15966796875,-0.1220703125,0.91552734375
18.662412,1.03759765625,0.244140625,0.91552734375
18.738734,0.9765625,0.18310546875,0.91552734375
18.820893,1.03759765625,0.1220703125,0.91552734375
18.899214,1.03759765625,0.1220703125,0.79345703125
18.980025,1.0986328125,0.0,0.8544921875
19.058745,1.03759765625,0.18310546875,0.8544921875
19.134276,0.9765625,0.1220703125,0.9765625
19.208856,1.03759765625,0.30517578125,0.9765625
19.283028,0.8544921875,0.18310546875,0.91552734375
19.359491,1.0986328125,0.06103515625,0.8544921875
19.437676,1.15966796875,0.18310546875,0.9765625
19.514619,0.9765625,0.1220703125,0.8544921875
19.591035,0.79345703125,0.1220703125,0.91552734375
19.667449,0.79345703125,0.244140625,0.91552734375
19.743707,0.8544921875,0.244140625,0.8544921875
19.824689,1.03759765625,0.1220703125,0.91552734375
19.906653,1.03759765625,0.0,0.79345703125
19.97973,1.03759765625,0.1220703125,0.8544921875
20.05218,1.03759765625,0.1220703125,1.03759765625
20.128882,0.91552734375,0.30517578125,0.8544921875
20.203213,1.03759765625,0.1220703125,0.79345703125
20.279032,1.0986328125,0.18310546875,0.9765625
20.356416,1.0986328125,0.06103515625,0.91552734375
20.4353,0.9765625,0.244140625,0.91552734375
20.512745,1.28173828125,0.18310546875,0.79345703125
20.586421,1.220703125,0.0,0.91552734375
20.660387,1.15966796875,0.18310546875,0.9765625
20.73529,1.220703125,0.244140625,0.91552734375
20.807924,1.15966796875,0.18310546875,0.79345703125
20.880368,0.91552734375,0.18310546875,0.8544921875
20.952839,0.9765625,0.18310546875,0.91552734375
21.025042,0.9765625,0.18310546875,1.03759765625
21.103983,0.91552734375,0.30517578125,0.9765625
21.180132,1.0986328125,0.1220703125,0.9765625
21.258683,1.0986328125,0.06103515625,0.8544921875
21.347758,1.0986328125,0.0,0.9765625
21.43345,1.0986328125,0.18310546875,0.91552734375
21.51415,0.8544921875,0.244140625,0.9765625
21.588653,0.91552734375,0.06103515625,0.9765625
21.663859,0.8544921875,0.30517578125,0.79345703125
21.738798,1.03759765625,0.06103515625,0.8544921875
21.814302,1.0986328125,0.0,0.91552734375
21.888082,1.15966796875,0.06103515625,0.79345703125
21.964245,1.0986328125,0.1220703125,0.9765625
22.041431,1.03759765625,0.1220703125,0.79345703125
22.11981,0.91552734375,0.244140625,0.9765625
22.198555,1.220703125,0.18310546875,0.91552734375
22.275522,0.9765625,0.244140625,0.9765625
22.352752,1.03759765625,0.0,1.03759765625
22.433471,1.15966796875,0.1220703125,0.9765625
22.510886,1.03759765625,0.06103515625,0.9765625
22.586374,0.91552734375,0.30517578125,1.0986328125
22.658524,0.91552734375,0.18310546875,0.79345703125
22.732815,0.9765625,0.06103515625,0.79345703125
22.80486,0.9765625,0.06103515625,0.8544921875
22.881861,0.9765625,0.244140625,0.8544921875
22.962103,0.79345703125,0.244140625,0.9765625
23.043677,0.91552734375,0.1220703125,0.91552734375
23.123967,0.9765625,0.18310546875,0.9765625
23.199986,1.0986328125,0.18310546875,0.91552734375
23.275172,1.15966796875,0.1220703125,0.9765625
23.351096,0.9765625,0.1220703125,0.8544921875
23.425706,1.03759765625,0.244140625,0.8544921875
23.501099,0.91552734375,0.1220703125,0.91552734375
23.576552,0.9765625,0.1220703125,0.9765625
23.649367,0.91552734375,0.1220703125,0.8544921875
23.721801,1.0986328125,0.0,0.79345703125
23.794165,0.9765625,0.1220703125,0.91552734375
23.86674,0.9765625,0.18310546875,0.91552734375
23.93932,0.9765625,0.244140625,0.91552734375
24.011571,0.91552734375,0.1220703125,0.91552734375
24.086294,0.9765625,0.18310546875,0.91552734375
24.160662,1.15966796875,0.1220703125,1.03759765625
24.237162,1.03759765625,0.1220703125,0.8544921875
24.311394,1.03759765625,0.18310546875,0.91552734375
24.385745,1.03759765625,0.18310546875,1.03759765625
24.459973,1.0986328125,0.18310546875,1.03759765625
24.536327,1.0986328125,0.1220703125,0.91552734375
24.611079,1.15966796875,0.06103515625,0.8544921875
24.683043,1.03759765625,0.1220703125,0.79345703125
24.755243,1.03759765625,0.06103515625,0.91552734375
24.828816,1.03759765625,0.1220703125,0.8544921875
24.906281,0.9765625,0.18310546875,0.9765625
24.982854,1.03759765625,0.18310546875,0.9765625
25.088842,0.91552734375,0.30517578125,0.9765625
25.168545,0.91552734375,0.1220703125,0.9765625
25.245901,0.9765625,0.1220703125,0.9765625
25.324709,1.03759765625,0.18310546875,0.91552734375
25.401828,0.8544921875,0.18310546875,0.732421875
25.48297,0.79345703125,0.244140625,0.91552734375
25.560302,1.03759765625,0.06103515625,0.9765625
25.638467,0.91552734375,0.06103515625,1.03759765625
25.714473,1.0986328125,0.1220703125,1.03759765625
25.790684,1.220703125,0.06103515625,0.8544921875
25.866533,1.03759765625,0.244140625,0.9765625
25.942812,0.9765625,0.244140625,0.91552734375
26.017557,0.9765625,0.1220703125,1.03759765625
26.095553,1.03759765625,0.30517578125,0.8544921875
26.17372,0.9765625,0.42724609375,0.79345703125
26.251658,0.91552734375,0.06103515625,0.91552734375
26.331153,0.9765625,0.1220703125,0.79345703125
26.408817,0.9765625,0.0,0.91552734375
26.48767,1.03759765625,0.18310546875,0.8544921875
26.565209,1.0986328125,0.06103515625,1.03759765625
26.650137,0.8544921875,0.244140625,0.8544921875
26.736327,0.91552734375,0.1220703125,0.8544921875
26.822641,1.0986328125,0.06103515625,0.8544921875
26.906208,1.0986328125,0.06103515625,0.9765625
26.988469,1.15966796875,0.1220703125,1.03759765625
27.069603,0.9765625,0.18310546875,0.9765625
27.151773,0.9765625,0.18310546875,0.91552734375
27.232465,1.03759765625,0.244140625,0.8544921875
27.315527,0.91552734375,0.06103515625,0.9765625
27.39978,0.9765625,0.06103515625,0.9765625
27.483077,0.8544921875,0.30517578125,0.91552734375
27.559074,0.9765625,0.18310546875,0.8544921875
27.635045,1.0986328125,0.244140625,0.91552734375
27.710238,0.8544921875,0.3662109375,1.03759765625
27.785539,1.0986328125,0.1220703125,0.9765625
27.863455,1.0986328125,0.06103515625,0.91552734375
27.9377,0.79345703125,0.06103515625,0.91552734375
28.010289,0.9765625,0.18310546875,0.8544921875
28.085019,1.0986328125,0.1220703125,0.8544921875
28.159158,0.9765625,0.18310546875,0.8544921875
28.233233,0.91552734375,0.244140625,0.79345703125
28.307659,0.91552734375,0.1220703125,0.91552734375
28.385269,0.91552734375,0.1220703125,0.79345703125
28.4599,0.91552734375,0.06103515625,0.8544921875
28.54936,1.0986328125,0.06103515625,0.79345703125
28.632749,1.03759765625,0.06103515625,0.79345703125
28.719492,0.79345703125,0.18310546875,0.8544921875
28.797918,0.9765625,0.06103515625,1.03759765625
28.870126,1.0986328125,0.06103515625,0.8544921875
28.94235,1.15966796875,0.18310546875,0.79345703125
29.014552,0.9765625,0.06103515625,1.03759765625
29.089533,0.9765625,0.244140625,0.8544921875
29.164222,0.91552734375,0.18310546875,0.732421875
29.238538,1.0986328125,0.1220703125,0.8544921875
29.313445,1.03759765625,0.06103515625,0.9765625
29.38821,1.0986328125,0.18310546875,0.9765625
29.462729,0.9765625,0.1220703125,1.03759765625
29.53722,1.0986328125,0.1220703125,0.9765625
29.612051,1.15966796875,0.1220703125,0.91552734375
29.686868,1.03759765625,0.06103515625,0.9765625
29.760041,1.03759765625,0.18310546875,0.91552734375
29.832897,0.9765625,0.244140625,0.9765625
29.904922,0.8544921875,0.18310546875,0.8544921875
29.97745,0.9765625,0.18310546875,0.8544921875
30.051323,0.8544921875,0.244140625,0.91552734375
30.125823,1.03759765625,0.42724609375,0.91552734375
30.200151,1.03759765625,0.18310546875,1.03759765625
30.237913,1.0986328125,0.1220703125,1.0986328125
30.312677,0.8544921875,0.0,1.0986328125
30.386722,1.03759765625,0.06103515625,0.8544921875
30.461387,1.03759765625,0.244140625,0.9765625
30.535737,0.91552734375,0.244140625,0.8544921875
30.610304,1.03759765625,0.06103515625,0.91552734375
30.701684,0.9765625,0.18310546875,0.8544921875
30.774287,1.15966796875,0.18310546875,0.8544921875
30.846711,0.8544921875,0.244140625,0.91552734375
30.919258,0.9765625,0.1220703125,0.91552734375
30.991747,1.03759765625,0.1220703125,0.91552734375
31.064951,1.03759765625,0.18310546875,0.9765625
31.139605,0.9765625,0.1220703125,0.8544921875
31.214197,0.9765625,0.244140625,0.79345703125
31.288669,0.91552734375,0.18310546875,0.9765625
31.366052,1.03759765625,0.30517578125,0.8544921875
31.440515,1.03759765625,0.30517578125,0.8544921875
31.515312,1.0986328125,0.0,0.79345703125
31.590073,0.91552734375,0.244140625,0.91552734375
31.662724,0.9765625,0.06103515625,0.91552734375
31.734256,0.67138671875,0.18310546875,0.79345703125
31.806983,0.732421875,0.1220703125,0.8544921875
31.878697,1.03759765625,0.18310546875,0.91552734375
31.950352,0.9765625,0.244140625,0.9765625
32.022001,1.03759765625,0.06103515625,0.9765625
32.09621,0.9765625,0.30517578125,0.79345703125
32.171494,1.0986328125,0.18310546875,0.9765625
32.245745,0.91552734375,-0.06103515625,0.91552734375
32.320637,0.9765625,0.06103515625,0.8544921875
32.395732,0.91552734375,0.06103515625,0.8544921875
32.472094,0.9765625,0.18310546875,0.9765625
32.546657,1.15966796875,0.18310546875,0.91552734375
32.623323,0.9765625,0.18310546875,0.9765625
32.695666,1.0986328125,0.1220703125,0.8544921875
32.767726,0.91552734375,0.1220703125,0.91552734375
32.840272,0.9765625,0.06103515625,0.91552734375
32.912984,0.91552734375,0.30517578125,0.91552734375
32.984696,0.91552734375,0.244140625,0.91552734375
33.056517,1.03759765625,0.18310546875,0.91552734375
33.130675,1.0986328125,0.0,0.9765625
33.206616,0.8544921875,0.244140625,0.8544921875
33.280486,0.9765625,0.1220703125,0.8544921875
33.354358,0.91552734375,0.18310546875,0.9765625
33.428255,0.9765625,0.1220703125,0.91552734375
33.50315,1.0986328125,0.1220703125,1.0986328125
33.576126,1.03759765625,0.18310546875,1.03759765625
33.648375,1.0986328125,0.18310546875,0.91552734375
33.720102,0.79345703125,0.0,0.91552734375
33.792272,0.8544921875,0.244140625,0.91552734375
33.867626,0.91552734375,0.244140625,0.79345703125
33.940167,0.8544921875,0.18310546875,0.91552734375
34.012095,0.8544921875,0.06103515625,0.91552734375
34.08707,0.9765625,0.18310546875,0.9765625
34.161893,0.91552734375,0.18310546875,0.91552734375
34.236717,0.9765625,0.1220703125,0.91552734375
34.311341,1.03759765625,0.06103515625,0.91552734375
34.388524,1.03759765625,0.1220703125,0.91552734375
34.463121,0.9765625,0.1220703125,0.8544921875
34.535412,1.0986328125,0.18310546875,0.8544921875
34.607395,0.8544921875,0.30517578125,0.8544921875
34.680143,0.91552734375,0.18310546875,1.03759765625
34.754509,0.9765625,0.1220703125,0.9765625
34.827048,0.9765625,0.18310546875,0.9765625
34.899333,1.03759765625,0.244140625,0.9765625
34.971551,1.03759765625,0.18310546875,0.79345703125
35.04341,1.03759765625,0.18310546875,1.03759765625
35.120446,0.9765625,0.244140625,0.91552734375
35.195054,0.91552734375,0.18310546875,0.79345703125
35.269521,0.91552734375,0.244140625,0.91552734375
35.344466,0.9765625,0.244140625,0.9765625
35.418314,1.03759765625,0.18310546875,0.9765625
35.491,0.91552734375,0.1220703125,0.91552734375
35.562705,1.03759765625,0.18310546875,0.91552734375
35.635055,1.0986328125,0.18310546875,1.03759765625
35.707506,1.15966796875,0.06103515625,0.91552734375
35.779417,1.03759765625,0.0,0.91552734375
35.853435,1.220703125,0.244140625,0.91552734375
35.925518,1.15966796875,0.1220703125,0.9765625
35.997885,1.03759765625,0.0,0.9765625
36.070499,1.15966796875,-0.06103515625,0.91552734375
36.145165,1.03759765625,0.06103515625,0.91552734375
36.219179,0.91552734375,0.1220703125,0.9765625
36.293587,0.79345703125,0.1220703125,0.8544921875
36.365761,0.9765625,0.18310546875,0.9765625
36.440671,1.0986328125,0.30517578125,0.9765625
36.513407,1.03759765625,0.18310546875,0.91552734375
36.585745,1.03759765625,0.1220703125,0.91552734375
36.658553,1.03759765625,0.1220703125,0.9765625
36.73115,0.8544921875,0.18310546875,0.91552734375
36.803496,1.03759765625,0.244140625,0.8544921875
36.876169,1.03759765625,0.06103515625,0.9765625
36.948494,0.91552734375,0.0,0.91552734375
37.020688,0.91552734375,0.1220703125,0.91552734375
37.097371,0.9765625,0.18310546875,1.03759765625
37.171752,0.91552734375,0.18310546875,1.03759765625
37.246405,0.9765625,0.244140625,0.79345703125
37.320668,0.9765625,0.1220703125,0.91552734375
37.392851,1.03759765625,0.1220703125,0.79345703125
37.464987,0.9765625,0.06103515625,0.91552734375
37.536911,1.15966796875,0.0,0.91552734375
37.608844,0.91552734375,0.1220703125,0.8544921875
37.682114,0.91552734375,0.1220703125,0.8544921875
37.754067,0.91552734375,0.30517578125,0.91552734375
37.826248,0.9765625,0.1220703125,0.9765625
37.89848,1.03759765625,0.244140625,0.9765625
37.97259,1.03759765625,0.06103515625,0.91552734375
38.04485,1.03759765625,0.42724609375,0.91552734375
38.119724,1.0986328125,0.1220703125,0.91552734375
38.194115,1.15966796875,0.30517578125,0.8544921875
38.268285,1.03759765625,0.06103515625,0.91552734375
38.3435,1.0986328125,0.1220703125,0.9765625
38.416157,0.9765625,0.18310546875,1.03759765625
38.488362,1.0986328125,0.18310546875,0.91552734375
38.560725,1.03759765625,0.06103515625,0.91552734375
38.634037,1.03759765625,0.244140625,1.03759765625
38.706506,1.03759765625,0.1220703125,1.03759765625
38.778592,1.03759765625,0.1220703125,0.91552734375
38.850381,1.0986328125,0.244140625,0.9765625
38.924145,0.91552734375,0.1220703125,0.9765625
38.997229,0.8544921875,0.18310546875,0.8544921875
39.069069,0.8544921875,0.0,0.79345703125
39.143599,0.732421875,0.30517578125,0.91552734375
39.221838,0.9765625,0.06103515625,0.91552734375
39.296228,0.9765625,0.1220703125,0.91552734375
39.368349,0.9765625,0.06103515625,0.91552734375
39.440988,1.15966796875,0.06103515625,0.8544921875
39.513612,0.8544921875,0.06103515625,0.9765625
39.585858,0.8544921875,0.30517578125,0.91552734375
39.658269,1.03759765625,0.1220703125,0.8544921875
39.730233,0.91552734375,0.1220703125,0.8544921875
39.803016,1.0986328125,0.18310546875,0.8544921875
39.875476,1.0986328125,0.1220703125,0.91552734375
39.947906,0.79345703125,0.3662109375,0.8544921875
40.01964,1.0986328125,0.1220703125,0.9765625
40.096175,0.91552734375,0.30517578125,1.03759765625
40.17137,1.03759765625,0.18310546875,1.03759765625
40.245938,1.03759765625,0.06103515625,0.91552734375
40.320405,0.9765625,0.1220703125,0.9765625
40.393389,1.0986328125,0.1220703125,0.91552734375
40.46558,0.79345703125,0.1220703125,0.79345703125
40.537416,0.91552734375,0.42724609375,0.91552734375
40.610075,0.91552734375,0.30517578125,0.9765625
40.685051,0.9765625,0.0,0.91552734375
40.757571,1.15966796875,0.18310546875,0.9765625
40.82974,0.91552734375,0.06103515625,0.9765625
40.901886,0.9765625,0.06103515625,0.8544921875
40.974618,0.91552734375,0.244140625,0.9765625
41.046289,1.03759765625,0.30517578125,0.9765625
41.12086,1.220703125,0.30517578125,0.9765625
41.196057,1.0986328125,0.244140625,1.03759765625
41.269983,0.9765625,0.244140625,0.91552734375
41.341874,1.0986328125,0.18310546875,0.8544921875
41.413812,1.15966796875,0.18310546875,0.91552734375
41.486717,1.0986328125,0.06103515625,0.9765625
41.558828,0.9765625,0.1220703125,0.8544921875
41.631154,0.9765625,0.244140625,0.9765625
41.703427,1.0986328125,-0.06103515625,0.9765625
41.777459,1.03759765625,0.0,0.8544921875
41.850106,1.03759765625,0.1220703125,0.91552734375
41.922584,1.03759765625,0.18310546875,0.8544921875
41.995249,1.15966796875,0.06103515625,0.9765625
42.069247,0.91552734375,0.06103515625,0.79345703125
42.143792,1.03759765625,0.244140625,0.8544921875
42.218419,0.91552734375,0.1220703125,0.91552734375
42.293096,0.91552734375,-0.06103515625,0.8544921875
42.366001,0.9765625,0.1220703125,0.9765625
42.440094,0.9765625,0.18310546875,0.9765625
42.512555,0.9765625,0.1220703125,0.91552734375
42.58483,0.9765625,0.244140625,0.8544921875
42.657953,0.8544921875,0.18310546875,0.91552734375
42.73014,0.8544921875,0.1220703125,0.79345703125
42.803503,0.9765625,0.06103515625,0.8544921875
42.876079,1.0986328125,0.1220703125,0.9765625
42.948215,0.9765625,0.1220703125,1.03759765625
43.020428,1.220703125,0.06103515625,0.91552734375
43.096369,1.0986328125,0.06103515625,0.91552734375
43.171116,0.91552734375,0.3662109375,0.8544921875
43.245262,0.9765625,0.1220703125,0.9765625
43.320064,0.9765625,0.18310546875,0.9765625
43.391846,1.15966796875,0.06103515625,0.91552734375
43.463873,1.03759765625,0.1220703125,0.9765625
43.537649,0.9765625,0.30517578125,0.9765625
43.613354,1.03759765625,0.18310546875,0.79345703125
43.685116,0.8544921875,0.3662109375,0.9765625
43.757687,1.15966796875,0.06103515625,1.0986328125
43.830664,0.9765625,0.18310546875,1.03759765625
43.90327,1.0986328125,0.06103515625,0.9765625
43.97606,1.15966796875,-0.06103515625,0.91552734375
44.049235,1.0986328125,0.06103515625,0.8544921875
44.123717,1.03759765625,0.18310546875,1.0986328125
44.198394,0.732421875,0.30517578125,0.9765625
44.272869,0.91552734375,0.1220703125,1.03759765625
44.345142,1.03759765625,0.1220703125,0.9765625
44.418784,1.03759765625,0.1220703125,0.8544921875
44.49141,1.03759765625,0.18310546875,1.03759765625
44.563536,1.03759765625,0.1220703125,1.0986328125
44.636726,1.220703125,0.18310546875,0.9765625
44.709299,1.03759765625,0.06103515625,0.9765625
44.781789,1.0986328125,0.06103515625,0.91552734375
44.854175,0.91552734375,0.18310546875,0.8544921875
44.926792,0.91552734375,0.244140625,1.03759765625
44.999342,0.8544921875,0.244140625,0.8544921875
45.071213,1.03759765625,0.18310546875,0.8544921875
45.145705,1.03759765625,0.30517578125,1.03759765625
45.2203,1.0986328125,0.18310546875,0.91552734375
45.294584,0.8544921875,0.1220703125,0.91552734375
45.36662,0.91552734375,0.18310546875,0.8544921875
45.439192,1.0986328125,0.06103515625,1.03759765625
45.511445,1.15966796875,0.18310546875,0.9765625
45.584265,0.9765625,0.3662109375,0.91552734375
45.656243,1.0986328125,0.1220703125,0.91552734375
45.728437,1.0986328125,0.1220703125,0.9765625
45.800902,0.91552734375,0.244140625,1.03759765625
45.873865,0.8544921875,0.48828125,0.9765625
45.945769,0.9765625,0.18310546875,1.03759765625
46.018453,0.8544921875,0.18310546875,0.8544921875
46.092881,0.9765625,0.06103515625,0.91552734375
46.16741,0.91552734375,0.06103515625,0.91552734375
46.242012,0.8544921875,0.18310546875,0.91552734375
46.31752,0.91552734375,0.244140625,0.91552734375
46.392452,1.03759765625,0.0,0.91552734375
46.46843,1.03759765625,0.18310546875,0.91552734375
46.541193,1.03759765625,0.0,0.8544921875
46.614073,0.91552734375,0.1220703125,0.79345703125
46.686296,1.220703125,0.18310546875,0.8544921875
46.758664,1.03759765625,0.244140625,0.8544921875
46.831954,0.9765625,0.244140625,0.8544921875
46.904748,1.03759765625,0.244140625,1.03759765625
46.977423,1.03759765625,0.30517578125,0.9765625
47.049481,0.79345703125,0.30517578125,0.91552734375
47.124432,0.91552734375,0.244140625,0.732421875
47.198626,1.03759765625,0.06103515625,1.03759765625
47.273625,1.03759765625,0.18310546875,0.91552734375
47.345452,1.03759765625,0.18310546875,0.8544921875
47.417603,0.9765625,0.1220703125,0.9765625
47.489767,1.03759765625,0.1220703125,0.91552734375
47.563786,0.9765625,0.244140625,0.79345703125
47.636131,1.03759765625,0.0,0.91552734375
47.708834,1.15966796875,0.1220703125,0.8544921875
47.780729,1.03759765625,0.0,0.79345703125
47.853415,1.03759765625,0.244140625,0.91552734375
47.926123,1.03759765625,0.18310546875,0.9765625
47.998504,1.0986328125,0.06103515625,0.9765625
48.070587,0.8544921875,0.18310546875,0.67138671875
48.145338,1.03759765625,0.1220703125,0.732421875
48.21994,0.91552734375,0.18310546875,0.9765625
48.294565,1.0986328125,0.18310546875,0.9765625
48.366632,0.9765625,0.1220703125,0.9765625
48.439078,1.0986328125,0.0,1.03759765625
48.512621,1.15966796875,0.0,0.9765625
48.58512,0.8544921875,0.1220703125,1.03759765625
48.6581,0.9765625,0.244140625,1.03759765625
48.730487,1.0986328125,0.1220703125,0.91552734375
48.80254,1.03759765625,0.18310546875,0.8544921875
48.874612,1.15966796875,0.1220703125,0.9765625
48.946642,0.9765625,0.3662109375,1.03759765625
49.018548,1.03759765625,0.06103515625,0.91552734375
49.093027,0.9765625,0.18310546875,0.91552734375
49.169361,0.91552734375,0.1220703125,0.9765625
49.248499,0.9765625,0.18310546875,0.91552734375
49.32354,1.03759765625,0.06103515625,1.03759765625
49.395574,0.91552734375,0.06103515625,0.9765625
49.466609,0.9765625,0.244140625,0.9765625
49.53891,1.03759765625,0.1220703125,0.9765625
49.612018,1.220703125,0.244140625,1.03759765625
49.683496,1.0986328125,0.244140625,0.9765625
49.755324,1.03759765625,0.244140625,0.9765625
49.828944,1.03759765625,0.244140625,0.9765625
49.902115,1.0986328125,0.244140625,1.03759765625
49.974266,1.03759765625,0.06103515625,0.91552734375
50.046247,1.28173828125,0.06103515625,1.03759765625
50.120242,1.15966796875,0.3662109375,0.9765625
50.196235,1.0986328125,0.18310546875,1.03759765625
50.269933,0.9765625,0.1220703125,1.03759765625
50.342068,1.03759765625,0.06103515625,0.9765625
50.413736,1.0986328125,0.18310546875,1.0986328125
50.486598,0.9765625,0.244140625,0.8544921875
50.558685,1.03759765625,0.18310546875,0.79345703125
50.630719,1.03759765625,0.18310546875,0.9765625
50.704153,0.9765625,0.18310546875,1.03759765625
50.776718,0.9765625,0.30517578125,1.03759765625
50.849181,1.03759765625,0.1220703125,0.9765625
50.921145,0.9765625,0.06103515625,0.9765625
50.993532,1.15966796875,0.244140625,0.91552734375
51.066799,1.03759765625,0.1220703125,0.91552734375
51.146245,1.0986328125,0.244140625,1.0986328125
51.227935,1.03759765625,0.18310546875,0.9765625
51.303599,1.0986328125,0.244140625,0.91552734375
51.37774,0.9765625,0.18310546875,0.8544921875
51.451952,1.0986328125,0.06103515625,0.91552734375
51.527712,1.0986328125,-0.06103515625,0.91552734375
51.604133,1.03759765625,0.06103515625,0.9765625
51.680238,1.0986328125,0.1220703125,0.9765625
51.754535,1.03759765625,0.244140625,0.91552734375
51.829029,1.03759765625,0.18310546875,0.91552734375
51.90381,1.0986328125,0.18310546875,0.9765625
51.978178,1.03759765625,0.18310546875,0.9765625
52.056089,1.03759765625,0.06103515625,0.8544921875
52.13961,1.03759765625,0.18310546875,0.79345703125
52.217466,1.03759765625,0.18310546875,0.9765625
52.29404,1.28173828125,0.06103515625,0.9765625
52.374043,1.0986328125,0.30517578125,1.03759765625
52.447999,0.9765625,0.1220703125,0.91552734375
52.520943,0.8544921875,0.18310546875,0.9765625
52.593734,1.03759765625,0.244140625,0.79345703125
52.667513,0.91552734375,0.18310546875,0.8544921875
52.739268,1.0986328125,0.06103515625,0.9765625
52.811331,1.0986328125,0.1220703125,1.03759765625
52.883051,1.3427734375,0.1220703125,1.03759765625
52.957196,1.03759765625,0.18310546875,0.91552734375
53.03012,0.91552734375,0.18310546875,0.91552734375
53.104105,1.0986328125,0.0,0.91552734375
53.179116,1.0986328125,0.3662109375,0.8544921875
53.254019,1.52587890625,-0.1220703125,0.8544921875
53.32798,1.0986328125,0.06103515625,0.79345703125
53.399729,1.03759765625,-0.06103515625,0.9765625
53.470878,1.15966796875,0.06103515625,0.8544921875
53.542467,1.03759765625,0.18310546875,0.9765625
53.614405,1.15966796875,0.1220703125,0.9765625
53.685773,0.91552734375,0.3662109375,0.9765625
53.757552,1.15966796875,0.1220703125,0.9765625
53.828883,1.0986328125,0.1220703125,0.8544921875
53.90125,0.79345703125,0.244140625,0.8544921875
53.972997,0.91552734375,0.244140625,1.03759765625
54.051154,0.67138671875,0.42724609375,0.9765625
54.13035,0.9765625,0.1220703125,0.91552734375
54.210993,1.03759765625,0.1220703125,0.9765625
54.304894,1.15966796875,0.0,0.9765625
54.421342,1.3427734375,-0.06103515625,1.03759765625
54.516013,0.8544921875,0.6103515625,1.03759765625
54.597027,1.0986328125,0.1220703125,0.9765625
54.671699,1.28173828125,0.0,0.9765625
54.747068,1.03759765625,0.244140625,0.79345703125
54.821977,1.0986328125,0.30517578125,0.91552734375
54.896296,0.91552734375,0.3662109375,1.15966796875
54.969688,1.15966796875,-15.56396484375,0.8544921875
55.042752,0.8544921875,0.244140625,0.91552734375
55.118312,1.03759765625,0.30517578125,1.03759765625
55.195512,1.0986328125,0.1220703125,0.91552734375
55.269417,1.0986328125,0.30517578125,0.91552734375
55.342339,0.9765625,0.06103515625,0.91552734375
55.415315,1.0986328125,0.18310546875,0.8544921875
55.488554,1.15966796875,0.30517578125,0.91552734375
55.560397,0.79345703125,0.30517578125,0.8544921875
55.631483,0.9765625,0.18310546875,0.8544921875
55.702207,1.03759765625,0.18310546875,0.9765625
55.774771,1.220703125,0.1220703125,0.9765625
55.845386,0.9765625,0.1220703125,0.9765625
55.916598,1.03759765625,0.18310546875,0.91552734375
55.987309,0.8544921875,-0.18310546875,0.8544921875
56.061678,1.15966796875,0.18310546875,0.9765625
56.147223,1.0986328125,0.1220703125,0.91552734375
56.23037,1.0986328125,0.3662109375,0.9765625
56.312054,1.15966796875,0.244140625,1.03759765625
56.393485,1.15966796875,0.244140625,0.9765625
56.474179,1.15966796875,0.18310546875,0.91552734375
56.555266,1.0986328125,0.18310546875,0.91552734375
56.634932,1.0986328125,0.18310546875,0.91552734375
56.71425,1.0986328125,0.06103515625,0.8544921875
56.791433,1.03759765625,0.244140625,0.8544921875
56.866845,1.28173828125,0.18310546875,0.9765625
56.940523,1.0986328125,0.244140625,0.8544921875
57.017663,0.9765625,0.18310546875,0.8544921875
57.09565,0.9765625,0.18310546875,0.9765625
57.172852,1.15966796875,0.1220703125,0.9765625
57.249682,1.03759765625,0.244140625,0.91552734375
57.324001,1.03759765625,0.1220703125,0.91552734375
57.396909,1.0986328125,0.18310546875,0.91552734375
57.477276,1.15966796875,0.244140625,1.03759765625
57.553381,1.15966796875,0.18310546875,0.9765625
57.623939,1.03759765625,0.18310546875,0.9765625
57.695218,1.220703125,0.18310546875,1.03759765625
57.768415,0.9765625,0.1220703125,0.91552734375
57.841606,1.15966796875,0.06103515625,0.91552734375
57.914409,1.03759765625,0.244140625,0.79345703125
57.98612,0.9765625,0.244140625,0.8544921875
58.058002,0.9765625,0.30517578125,1.03759765625
58.135103,0.9765625,-0.06103515625,0.91552734375
58.212734,1.15966796875,0.06103515625,0.8544921875
58.291685,0.8544921875,0.18310546875,0.91552734375
58.367496,1.0986328125,0.06103515625,0.91552734375
58.441468,1.03759765625,0.06103515625,0.8544921875
58.522915,0.9765625,0.18310546875,0.9765625
58.601648,1.15966796875,-0.06103515625,1.03759765625
58.674277,0.91552734375,0.30517578125,0.91552734375
58.746382,0.9765625,0.18310546875,0.91552734375
58.82096,1.15966796875,0.18310546875,0.9765625
58.894125,0.9765625,0.30517578125,1.0986328125
58.971156,0.91552734375,0.244140625,0.91552734375
59.049577,0.91552734375,0.244140625,0.8544921875
59.125142,1.03759765625,0.06103515625,0.91552734375
59.202698,1.03759765625,0.244140625,0.9765625
59.280019,1.15966796875,0.18310546875,0.9765625
59.357137,1.3427734375,-0.06103515625,0.8544921875
59.438383,1.46484375,-0.244140625,0.8544921875
59.528538,0.9765625,0.244140625,0.91552734375
59.607157,1.220703125,0.30517578125,1.03759765625
59.685704,1.15966796875,-0.06103515625,0.91552734375
59.765006,1.0986328125,0.244140625,0.9765625
59.842275,0.91552734375,0.30517578125,0.8544921875
59.917503,1.03759765625,0.1220703125,0.9765625
59.990179,1.15966796875,0.18310546875,0.9765625
60.063977,0.9765625,0.244140625,0.9765625
60.140105,1.220703125,0.30517578125,1.0986328125
60.215455,0.8544921875,0.30517578125,0.9765625
60.288962,1.03759765625,0.18310546875,0.8544921875
60.362436,0.9765625,0.1220703125,0.8544921875
60.435311,1.03759765625,0.18310546875,0.9765625
60.508474,1.0986328125,0.1220703125,1.03759765625
60.586034,1.28173828125,-0.06103515625,0.79345703125
60.657071,1.40380859375,0.06103515625,0.91552734375
60.733469,1.220703125,0.06103515625,0.91552734375
60.806906,0.9765625,0.244140625,1.03759765625
60.880088,0.732421875,0.48828125,0.8544921875
60.952569,1.0986328125,0.3662109375,1.03759765625
61.02348,1.220703125,0.1220703125,0.8544921875
61.096929,1.15966796875,0.18310546875,0.9765625
61.171496,1.0986328125,0.06103515625,0.9765625
61.247049,1.3427734375,0.0,0.9765625
61.32448,0.732421875,0.3662109375,1.03759765625
61.403476,0.91552734375,0.3662109375,0.9765625
61.485179,0.9765625,0.18310546875,0.9765625
61.566803,1.03759765625,0.3662109375,1.03759765625
61.648745,1.03759765625,0.18310546875,1.0986328125
61.723599,0.79345703125,0.3662109375,0.9765625
61.797464,1.0986328125,0.18310546875,0.9765625
61.87193,1.03759765625,0.18310546875,0.91552734375
61.945903,1.0986328125,0.18310546875,0.91552734375
62.026181,1.15966796875,0.18310546875,0.9765625
62.109441,1.15966796875,0.18310546875,0.9765625
62.192214,0.8544921875,0.30517578125,0.9765625
62.274625,1.03759765625,0.42724609375,0.8544921875
62.351627,1.15966796875,0.244140625,1.03759765625
62.42636,0.9765625,0.1220703125,0.8544921875
62.502472,0.9765625,0.0,0.9765625
62.577033,1.220703125,0.06103515625,0.91552734375
62.651782,1.03759765625,0.244140625,0.79345703125
62.728859,1.15966796875,0.18310546875,0.8544921875
62.803796,1.15966796875,-0.18310546875,0.9765625
62.876829,1.0986328125,0.0,0.9765625
62.949896,1.03759765625,0.06103515625,0.9765625
63.022667,1.28173828125,-0.06103515625,0.9765625
63.098968,0.9765625,0.18310546875,0.91552734375
63.174523,1.220703125,-0.06103515625,0.8544921875
63.252514,0.9765625,0.30517578125,0.9765625
63.345101,1.0986328125,0.18310546875,0.8544921875
63.427999,1.15966796875,0.244140625,0.8544921875
63.509605,0.91552734375,0.1220703125,1.03759765625
63.588633,0.91552734375,0.1220703125,0.8544921875
63.668879,0.9765625,0.18310546875,0.9765625
63.74538,0.91552734375,0.244140625,0.91552734375
63.826818,0.9765625,0.30517578125,1.03759765625
63.910794,1.03759765625,0.18310546875,0.9765625
63.986239,1.0986328125,0.06103515625,0.91552734375
64.062522,1.0986328125,0.30517578125,0.9765625
64.140717,1.15966796875,0.18310546875,0.9765625
64.223188,1.0986328125,0.06103515625,0.9765625
64.309105,1.3427734375,-0.18310546875,0.9765625
64.389829,1.46484375,-0.18310546875,0.91552734375
64.473685,1.0986328125,0.06103515625,0.91552734375
64.555829,0.732421875,0.3662109375,1.03759765625
64.637312,0.8544921875,0.30517578125,0.91552734375
64.717486,1.28173828125,0.18310546875,0.91552734375
64.800237,0.9765625,0.1220703125,0.9765625
64.881381,1.15966796875,-0.06103515625,0.91552734375
64.959262,1.220703125,0.06103515625,0.91552734375
65.034515,0.9765625,0.18310546875,0.91552734375
65.113282,1.03759765625,0.18310546875,0.8544921875
65.190055,1.15966796875,-0.06103515625,0.91552734375
65.266084,0.9765625,0.18310546875,0.9765625
65.341209,1.0986328125,0.18310546875,0.8544921875
65.415756,1.0986328125,0.06103515625,1.03759765625
65.491484,0.9765625,0.1220703125,0.9765625
65.566081,1.03759765625,0.18310546875,0.91552734375
65.642822,1.0986328125,0.18310546875,0.8544921875
65.719589,1.03759765625,0.30517578125,0.9765625
65.796034,0.9765625,0.3662109375,0.91552734375
65.868867,1.220703125,-0.1220703125,0.79345703125
65.94122,0.732421875,0.42724609375,0.9765625
66.014025,0.67138671875,0.3662109375,0.8544921875
66.091109,1.15966796875,0.30517578125,0.9765625
66.165501,0.9765625,0.30517578125,1.0986328125
66.240438,1.03759765625,0.244140625,0.91552734375
66.315171,0.9765625,0.30517578125,0.79345703125
66.390481,1.15966796875,-0.06103515625,0.9765625
66.466359,0.9765625,0.0,0.9765625
66.542237,0.91552734375,0.0,0.91552734375
66.61744,1.03759765625,0.06103515625,0.8544921875
66.691904,1.220703125,0.1220703125,0.9765625
66.764342,1.220703125,-0.06103515625,0.91552734375
66.837699,1.0986328125,0.1220703125,0.8544921875
66.91049,0.91552734375,0.30517578125,0.9765625
66.985334,0.91552734375,0.18310546875,0.8544921875
67.059516,1.220703125,0.06103515625,0.91552734375
67.134401,0.9765625,0.06103515625,1.03759765625
67.209216,1.0986328125,0.18310546875,1.03759765625
67.284472,1.03759765625,0.1220703125,0.9765625
67.359786,1.220703125,0.18310546875,1.03759765625
67.434115,1.03759765625,0.42724609375,0.91552734375
67.508967,0.8544921875,0.244140625,0.9765625
67.584077,1.0986328125,0.06103515625,0.8544921875
67.659337,0.79345703125,0.42724609375,0.8544921875
67.732204,1.03759765625,0.1220703125,0.8544921875
67.806168,0.8544921875,0.42724609375,0.91552734375
67.880549,0.54931640625,0.48828125,0.91552734375
67.954163,0.6103515625,0.54931640625,0.8544921875
68.027927,1.15966796875,0.0,1.03759765625
68.104007,0.79345703125,0.3662109375,0.9765625
68.178607,1.220703125,-0.06103515625,0.91552734375
68.252786,0.91552734375,0.30517578125,1.03759765625
68.328284,1.15966796875,0.06103515625,0.8544921875
68.403944,0.91552734375,0.3662109375,0.8544921875
68.480363,1.220703125,0.1220703125,0.8544921875
68.557253,1.15966796875,0.06103515625,0.8544921875
68.633805,0.9765625,0.1220703125,0.91552734375
68.707412,0.9765625,0.18310546875,0.91552734375
68.781434,1.28173828125,0.06103515625,0.8544921875
68.855397,1.03759765625,0.1220703125,0.91552734375
68.927577,0.732421875,0.18310546875,1.03759765625
68.999764,0.91552734375,0.1220703125,1.03759765625
69.075014,0.8544921875,0.18310546875,0.79345703125
69.150247,0.732421875,0.244140625,0.79345703125
69.228034,0.9765625,0.244140625,0.8544921875
69.306046,1.46484375,15.44189453125,1.03759765625
69.382685,0.79345703125,0.18310546875,1.03759765625
69.457625,1.15966796875,0.1220703125,0.8544921875
69.53365,1.3427734375,0.06103515625,0.79345703125
69.60807,0.9765625,0.18310546875,1.03759765625
69.680073,1.0986328125,0.1220703125,1.03759765625
69.755961,1.03759765625,0.18310546875,0.9765625
69.828606,0.9765625,0.30517578125,0.9765625
69.900752,0.9765625,0.3662109375,0.9765625
69.973004,1.15966796875,-0.06103515625,0.9765625
70.044437,1.0986328125,0.1220703125,0.8544921875
70.118117,1.220703125,0.0,0.9765625
70.192153,0.9765625,0.3662109375,0.9765625
70.265887,1.0986328125,0.244140625,1.03759765625
70.341908,1.03759765625,0.1220703125,0.91552734375
70.41553,1.0986328125,0.18310546875,0.9765625
70.489086,1.0986328125,0.244140625,0.91552734375
70.565111,1.03759765625,0.244140625,0.91552734375
70.637337,0.9765625,0.30517578125,0.91552734375
70.708554,1.03759765625,0.18310546875,0.9765625
70.779728,1.03759765625,0.244140625,0.79345703125
70.850674,1.03759765625,0.30517578125,0.8544921875
70.921785,0.91552734375,0.48828125,0.8544921875
70.993199,0.9765625,0.1220703125,0.91552734375
71.065458,1.15966796875,0.06103515625,0.8544921875
71.138748,0.9765625,0.1220703125,0.9765625
71.212504,0.91552734375,0.244140625,0.8544921875
71.286221,1.0986328125,0.18310546875,0.91552734375
71.359547,0.91552734375,0.244140625,1.03759765625
71.433526,0.91552734375,0.18310546875,0.8544921875
71.507203,0.8544921875,0.30517578125,0.8544921875
71.578631,0.9765625,0.244140625,0.9765625
71.650296,1.0986328125,0.1220703125,1.03759765625
71.721731,1.15966796875,0.244140625,0.8544921875
71.793133,1.0986328125,0.18310546875,0.8544921875
71.864584,1.0986328125,0.1220703125,0.8544921875
71.935967,0.91552734375,0.30517578125,1.03759765625
72.007408,1.40380859375,-0.18310546875,0.91552734375
72.044754,0.9765625,0.30517578125,0.8544921875
72.119595,1.15966796875,0.1220703125,0.8544921875
72.194086,0.91552734375,0.1220703125,0.9765625
72.267435,1.220703125,0.18310546875,1.03759765625
72.340786,0.91552734375,0.244140625,0.9765625
72.412527,0.9765625,0.1220703125,1.0986328125
72.484956,1.03759765625,0.244140625,0.8544921875
72.556434,0.91552734375,0.3662109375,0.91552734375
72.627953,0.91552734375,0.1220703125,0.9765625
72.699255,0.6103515625,0.244140625,1.0986328125
72.770281,0.54931640625,0.67138671875,0.8544921875
72.844101,0.6103515625,0.54931640625,0.9765625
72.916887,0.79345703125,0.30517578125,0.91552734375
72.994242,0.91552734375,0.1220703125,0.91552734375
73.072119,0.9765625,0.0,0.91552734375
73.148579,1.15966796875,0.18310546875,0.91552734375
73.222553,1.03759765625,0.3662109375,0.9765625
73.302589,0.9765625,0.244140625,0.91552734375
73.379764,1.28173828125,-0.1220703125,0.8544921875
73.457153,0.9765625,0.06103515625,1.03759765625
73.53516,0.9765625,0.244140625,0.79345703125
73.614208,1.03759765625,0.18310546875,0.8544921875
73.691586,0.91552734375,0.1220703125,0.8544921875
73.765949,0.9765625,0.18310546875,0.91552734375
73.841096,1.220703125,0.06103515625,0.9765625
73.914941,0.91552734375,0.3662109375,0.91552734375
73.991981,0.91552734375,0.30517578125,0.8544921875
74.068429,0.9765625,0.30517578125,0.9765625
74.145536,0.79345703125,0.42724609375,0.91552734375
74.225463,0.732421875,0.3662109375,0.8544921875
74.299612,0.91552734375,0.18310546875,0.79345703125
74.373093,1.03759765625,0.0,0.9765625
74.447491,1.15966796875,0.30517578125,1.03759765625
74.525101,0.6103515625,0.732421875,0.91552734375
74.600525,0.91552734375,0.18310546875,0.8544921875
74.676045,0.91552734375,0.244140625,0.8544921875
74.750503,0.8544921875,0.3662109375,0.9765625
74.825549,1.03759765625,0.244140625,0.91552734375
74.899028,0.91552734375,0.18310546875,0.8544921875
74.972836,0.54931640625,0.42724609375,0.9765625
75.046921,1.03759765625,0.30517578125,0.9765625
75.123358,1.220703125,-0.06103515625,0.8544921875
75.199098,0.8544921875,0.244140625,0.91552734375
75.274011,1.15966796875,0.0,0.9765625
75.349361,0.9765625,0.30517578125,0.91552734375
75.420221,1.0986328125,0.18310546875,0.91552734375
75.491417,1.15966796875,0.1220703125,0.91552734375
75.562671,0.9765625,0.1220703125,1.03759765625
75.635246,1.0986328125,0.1220703125,0.91552734375
75.709168,1.03759765625,0.1220703125,0.91552734375
75.783849,0.67138671875,0.42724609375,0.8544921875
75.858608,1.03759765625,0.244140625,1.03759765625
75.933014,0.91552734375,0.1220703125,0.91552734375
76.003919,0.8544921875,0.42724609375,0.9765625
76.076553,1.0986328125,0.06103515625,0.91552734375
76.150246,1.0986328125,0.244140625,0.9765625
76.224308,0.91552734375,0.244140625,0.9765625
76.299662,0.9765625,0.3662109375,1.03759765625
76.373286,0.9765625,0.1220703125,0.91552734375
76.444088,0.79345703125,0.18310546875,0.9765625
76.515805,0.9765625,0.06103515625,0.8544921875
76.588293,1.220703125,-0.18310546875,0.9765625
76.659726,0.8544921875,0.1220703125,0.8544921875
76.733228,0.67138671875,0.48828125,0.91552734375
76.806965,0.9765625,0.1220703125,0.8544921875
76.882158,0.79345703125,0.18310546875,0.8544921875
76.955781,0.9765625,0.18310546875,0.8544921875
77.029287,1.40380859375,-0.1220703125,0.9765625
77.106836,1.3427734375,-0.1220703125,1.03759765625
77.183251,0.79345703125,0.42724609375,0.8544921875
77.258804,1.03759765625,0.18310546875,0.79345703125
77.334156,1.15966796875,0.0,0.9765625
77.408485,1.52587890625,-0.18310546875,1.03759765625
77.480231,0.8544921875,0.30517578125,0.8544921875
77.552542,1.0986328125,0.18310546875,0.91552734375
77.627479,0.91552734375,0.06103515625,0.9765625
77.699888,0.8544921875,0.3662109375,0.9765625
77.772125,0.732421875,0.3662109375,0.9765625
77.846673,0.9765625,0.3662109375,0.91552734375
77.91877,1.0986328125,0.06103515625,0.8544921875
77.99104,1.15966796875,0.06103515625,0.9765625
78.063384,0.91552734375,0.30517578125,0.8544921875
78.13765,1.03759765625,0.1220703125,0.8544921875
78.21141,0.9765625,0.244140625,0.8544921875
78.286057,0.9765625,0.18310546875,0.91552734375
78.360367,1.15966796875,0.30517578125,0.91552734375
78.434458,1.220703125,0.06103515625,0.8544921875
78.506576,1.220703125,0.0,0.9765625
78.578489,1.03759765625,0.1220703125,0.91552734375
78.650474,0.9765625,0.1220703125,0.91552734375
78.722502,0.8544921875,0.18310546875,0.8544921875
78.79482,1.15966796875,0.06103515625,0.91552734375
78.866527,1.0986328125,0.0,0.8544921875
78.939522,1.03759765625,0.18310546875,0.79345703125
79.011219,0.9765625,0.1220703125,0.8544921875
79.085501,1.0986328125,-0.06103515625,0.8544921875
79.162679,0.8544921875,0.06103515625,0.79345703125
79.239804,0.9765625,0.1220703125,0.9765625
79.322359,1.03759765625,0.1220703125,0.8544921875
79.400676,1.03759765625,0.1220703125,0.91552734375
79.476909,1.03759765625,0.244140625,0.79345703125
79.550051,1.0986328125,0.30517578125,0.91552734375
79.622732,0.9765625,0.06103515625,0.8544921875
79.69496,0.9765625,0.1220703125,0.91552734375
79.767113,0.8544921875,0.1220703125,0.8544921875
79.839305,1.03759765625,0.1220703125,0.91552734375
79.912812,0.9765625,0.30517578125,0.8544921875
79.987487,1.0986328125,-0.06103515625,0.79345703125
80.06265,0.8544921875,0.0,0.91552734375
80.140516,0.8544921875,0.18310546875,0.9765625
80.219259,0.8544921875,0.18310546875,0.79345703125
80.298557,1.03759765625,0.06103515625,0.91552734375
80.376994,1.03759765625,0.18310546875,0.91552734375
80.454756,1.28173828125,-0.1220703125,0.91552734375
80.529428,1.15966796875,0.0,0.79345703125
80.604574,0.91552734375,0.30517578125,0.732421875
80.687031,1.03759765625,0.18310546875,0.9765625
80.770759,1.220703125,-0.06103515625,0.91552734375
80.84891,1.46484375,-0.244140625,0.9765625
80.930313,0.91552734375,0.1220703125,0.9765625
81.017057,0.9765625,0.1220703125,0.9765625
81.099548,1.03759765625,0.1220703125,0.91552734375
81.182747,1.0986328125,0.18310546875,0.8544921875
81.265863,1.0986328125,0.1220703125,0.9765625
81.344955,0.9765625,0.244140625,0.9765625
81.424553,0.8544921875,0.42724609375,0.9765625
81.509571,1.28173828125,-0.06103515625,0.9765625
81.584706,0.91552734375,0.244140625,0.91552734375
81.658753,1.28173828125,0.1220703125,1.03759765625
81.731492,1.0986328125,0.18310546875,0.91552734375
81.808981,0.54931640625,0.48828125,0.8544921875
81.88443,0.54931640625,0.6103515625,0.8544921875
81.96131,0.8544921875,0.30517578125,0.8544921875
82.037615,1.03759765625,0.1220703125,1.0986328125
82.120065,0.91552734375,0.18310546875,0.9765625
82.19915,1.0986328125,0.06103515625,0.91552734375
82.28339,0.6103515625,0.48828125,0.8544921875
82.363657,0.91552734375,0.18310546875,0.8544921875
82.442084,1.28173828125,15.44189453125,0.9765625
82.517021,0.9765625,0.1220703125,0.91552734375
82.593194,1.28173828125,0.1220703125,0.91552734375
82.667804,0.8544921875,0.3662109375,0.91552734375
82.743875,1.03759765625,0.18310546875,1.0986328125
82.81937,0.91552734375,0.3662109375,1.0986328125
82.894128,1.15966796875,0.0,0.91552734375
82.969032,0.9765625,0.1220703125,0.91552734375
83.042284,1.0986328125,0.1220703125,0.8544921875
83.117736,1.0986328125,0.1220703125,0.8544921875
83.192895,1.0986328125,0.06103515625,0.91552734375
83.267517,0.91552734375,0.18310546875,0.8544921875
83.342509,1.15966796875,0.0,1.0986328125
83.417693,0.9765625,0.1220703125,0.9765625
83.492984,1.40380859375,-0.18310546875,1.03759765625
83.564078,1.0986328125,0.06103515625,0.91552734375
83.63632,0.9765625,0.06103515625,0.9765625
83.713913,0.8544921875,0.18310546875,0.8544921875
83.787954,0.9765625,0.18310546875,1.03759765625
83.860468,1.15966796875,0.06103515625,1.03759765625
83.933366,1.0986328125,0.06103515625,0.8544921875
84.005642,1.03759765625,0.18310546875,0.91552734375
84.081159,1.0986328125,0.244140625,0.9765625
84.155249,0.9765625,0.0,0.91552734375
84.232621,1.03759765625,0.1220703125,0.9765625
84.307278,0.732421875,0.54931640625,0.8544921875
84.381353,0.79345703125,0.30517578125,0.8544921875
84.45536,1.0986328125,0.1220703125,0.91552734375
84.531078,1.0986328125,0.1220703125,0.9765625
84.602347,0.91552734375,0.18310546875,0.9765625
84.674328,0.79345703125,0.54931640625,0.9765625
84.745656,1.28173828125,0.06103515625,0.8544921875
84.816876,1.0986328125,0.18310546875,0.91552734375
84.89196,1.0986328125,0.1220703125,0.8544921875
84.970445,1.03759765625,0.1220703125,0.91552734375
85.052639,1.03759765625,0.244140625,0.9765625
85.135431,0.91552734375,0.1220703125,0.9765625
85.212505,1.03759765625,0.244140625,0.9765625
85.291524,0.9765625,0.1220703125,0.91552734375
85.367465,1.0986328125,0.06103515625,0.91552734375
85.44394,0.8544921875,0.30517578125,0.8544921875
85.55783,0.91552734375,0.18310546875,0.91552734375
85.638643,1.0986328125,0.1220703125,0.91552734375
85.715757,1.0986328125,0.1220703125,0.8544921875
85.789832,0.9765625,0.1220703125,0.91552734375
85.864153,1.03759765625,0.06103515625,0.9765625
85.936621,1.0986328125,0.0,0.9765625
86.007914,0.732421875,0.18310546875,0.732421875
86.081688,1.15966796875,0.0,0.8544921875
86.158198,0.79345703125,0.06103515625,0.91552734375
86.232341,0.9765625,0.1220703125,0.91552734375
86.306658,1.0986328125,0.30517578125,0.9765625
86.381988,0.8544921875,0.48828125,0.91552734375
86.492971,0.91552734375,0.1220703125,0.8544921875
86.589234,0.6103515625,0.3662109375,0.91552734375
86.665675,0.9765625,0.18310546875,0.79345703125
86.739183,1.220703125,0.1220703125,0.91552734375
86.811735,1.220703125,0.1220703125,0.9765625
86.924073,1.46484375,-0.18310546875,0.9765625
87.001795,1.0986328125,0.30517578125,1.03759765625
87.07782,1.0986328125,0.06103515625,1.03759765625
87.150477,0.91552734375,0.42724609375,0.9765625
87.223779,0.9765625,0.244140625,0.8544921875
87.296237,0.67138671875,0.30517578125,1.03759765625
87.372264,1.15966796875,0.06103515625,0.8544921875
87.443928,1.03759765625,0.244140625,0.91552734375
87.51874,0.9765625,0.30517578125,1.03759765625
87.592003,1.0986328125,0.1220703125,0.9765625
87.671771,1.03759765625,0.244140625,0.91552734375
87.77279,0.91552734375,0.18310546875,0.9765625
87.944586,1.220703125,0.1220703125,1.03759765625
88.033075,1.15966796875,-0.06103515625,1.03759765625
88.111828,1.0986328125,0.18310546875,0.9765625
88.190099,1.03759765625,0.1220703125,0.9765625
88.266972,1.0986328125,0.1220703125,1.03759765625
88.348645,1.03759765625,0.1220703125,0.91552734375
88.426696,1.0986328125,0.0,0.9765625
88.505508,0.8544921875,0.244140625,0.91552734375
88.583526,1.0986328125,0.06103515625,0.8544921875
88.657448,1.03759765625,-0.1220703125,0.91552734375
88.730608,1.03759765625,0.1220703125,0.91552734375
88.802418,0.9765625,0.06103515625,0.91552734375
88.87327,1.15966796875,0.18310546875,0.91552734375
88.943914,1.03759765625,0.0,0.91552734375
89.014868,1.28173828125,-0.06103515625,1.03759765625
89.098076,1.28173828125,-0.06103515625,1.03759765625
89.173777,1.03759765625,0.18310546875,0.9765625
89.244761,0.9765625,0.3662109375,0.9765625
89.315888,1.0986328125,0.06103515625,0.8544921875
89.395688,1.03759765625,0.42724609375,0.9765625
89.469672,1.0986328125,0.0,0.79345703125
89.549009,0.9765625,0.244140625,0.79345703125
89.626241,1.0986328125,0.244140625,0.91552734375
89.670837,1.220703125,0.18310546875,0.9765625
89.749609,0.9765625,0.244140625,0.9765625
89.826421,1.0986328125,0.0,1.03759765625
89.90407,0.9765625,0.06103515625,0.9765625
89.973478,1.0986328125,0.1220703125,0.9765625
90.043092,1.0986328125,0.0,0.8544921875
90.113903,0.9765625,0.1220703125,0.9765625
90.184029,0.91552734375,0.30517578125,0.79345703125
90.256082,1.28173828125,0.1220703125,0.79345703125
90.327801,1.03759765625,0.1220703125,0.91552734375
90.399112,0.79345703125,0.18310546875,0.8544921875
90.470138,1.15966796875,0.244140625,0.91552734375
90.541735,0.91552734375,0.1220703125,0.8544921875
90.623507,1.03759765625,0.30517578125,0.91552734375
90.694385,1.220703125,0.1220703125,0.8544921875
90.765848,1.220703125,0.06103515625,0.91552734375
90.835712,0.91552734375,0.244140625,0.8544921875
90.905819,1.03759765625,0.0,0.9765625
90.975544,0.9765625,0.244140625,1.03759765625
91.044984,1.03759765625,0.244140625,0.79345703125
91.116434,1.0986328125,0.0,0.8544921875
91.188324,1.220703125,0.0,0.8544921875
91.259313,1.0986328125,0.1220703125,0.8544921875
91.330848,1.0986328125,0.1220703125,0.8544921875
91.402048,1.03759765625,0.30517578125,0.8544921875
91.472982,0.9765625,0.1220703125,1.03759765625
91.546201,0.9765625,0.18310546875,0.8544921875
91.620025,0.9765625,0.18310546875,0.91552734375
91.687029,1.15966796875,0.0,0.732421875
91.759004,0.9765625,0.06103515625,0.9765625
91.831773,0.9765625,0.1220703125,0.9765625
91.904235,1.220703125,0.1220703125,0.9765625
91.977186,1.15966796875,0.1220703125,0.91552734375
92.049221,0.9765625,0.18310546875,0.8544921875
92.123377,1.15966796875,0.1220703125,0.8544921875
92.196029,1.03759765625,0.18310546875,0.91552734375
92.268788,1.15966796875,0.1220703125,0.9765625
92.340517,0.91552734375,0.244140625,0.8544921875
92.411871,1.0986328125,0.06103515625,0.8544921875
92.483078,1.15966796875,0.1220703125,0.8544921875
92.554144,0.9765625,0.1220703125,0.8544921875
92.625208,1.03759765625,0.06103515625,0.8544921875
92.694525,0.91552734375,0.06103515625,1.0986328125
92.763499,1.03759765625,-0.06103515625,1.03759765625
92.832488,0.9765625,0.18310546875,0.9765625
92.900567,1.40380859375,-0.18310546875,1.03759765625
92.969159,0.91552734375,0.06103515625,1.0986328125
93.03812,1.15966796875,-0.06103515625,1.03759765625
93.110765,0.9765625,0.18310546875,0.91552734375
93.184901,1.03759765625,0.1220703125,0.79345703125
93.258132,1.03759765625,0.18310546875,0.91552734375
93.329795,0.91552734375,0.1220703125,0.91552734375
93.401015,0.91552734375,0.1220703125,0.9765625
93.473196,0.9765625,0.244140625,0.91552734375
93.543514,0.91552734375,0.18310546875,0.91552734375
93.616266,0.8544921875,0.1220703125,0.91552734375
93.685126,0.9765625,0.18310546875,0.91552734375
93.75514,1.15966796875,0.06103515625,0.91552734375
93.825356,1.0986328125,0.1220703125,0.9765625
93.894469,1.03759765625,-0.06103515625,0.8544921875
93.963088,0.9765625,0.06103515625,0.79345703125
93.998355,1.03759765625,0.244140625,0.91552734375
94.066981,1.15966796875,0.18310546875,0.91552734375
94.138901,0.9765625,0.3662109375,1.03759765625
94.213438,1.0986328125,0.18310546875,1.03759765625
94.250024,1.15966796875,0.0,0.91552734375
94.321099,1.0986328125,0.0,1.0986328125
94.527783,0.91552734375,0.0,0.91552734375
94.614368,1.15966796875,0.06103515625,0.91552734375
94.693271,1.03759765625,0.18310546875,0.9765625
94.770976,1.0986328125,0.18310546875,0.79345703125
94.851357,0.79345703125,0.1220703125,0.9765625
94.928484,0.8544921875,0.1220703125,0.9765625
95.044353,1.0986328125,0.1220703125,0.8544921875
95.12575,0.9765625,0.244140625,0.9765625
95.203995,1.03759765625,0.06103515625,1.03759765625
95.281331,1.03759765625,0.1220703125,0.91552734375
95.358238,1.03759765625,0.1220703125,1.03759765625
95.432058,0.9765625,0.1220703125,0.8544921875
95.505602,1.15966796875,-0.18310546875,0.8544921875
95.579936,1.15966796875,-0.1220703125,1.03759765625
95.65433,1.03759765625,-0.06103515625,0.91552734375
95.728327,0.9765625,0.1220703125,0.9765625
95.802775,0.9765625,0.06103515625,0.8544921875
95.877884,0.91552734375,0.30517578125,0.9765625
95.952079,1.03759765625,0.1220703125,0.9765625
96.028039,1.03759765625,0.1220703125,0.9765625
96.104925,1.15966796875,0.1220703125,0.9765625
96.180917,1.03759765625,0.30517578125,0.9765625
96.257667,0.91552734375,0.30517578125,0.9765625
96.334115,1.03759765625,0.18310546875,0.79345703125
96.408684,1.03759765625,0.1220703125,0.79345703125
96.484405,0.9765625,0.18310546875,0.91552734375
96.561582,1.03759765625,0.18310546875,0.91552734375
96.636791,1.0986328125,0.06103515625,0.8544921875
